applicant_id,gender,respondent_id,collector_id,start_date,end_date,custom_data_1,project_id,project_title,skills_r,skills_python,skills_sql,skills_git,skills_javascript_frontend,skills_html_css,skills_node_js_javascript_backend,techniques_data_cleaning,techniques_data_anonymization,techniques_database_management,techniques_descriptive_statistics,techniques_data_visualization,techniques_inferential_statistics,techniques_regressions_and_modelling,techniques_classification,techniques_clustering,techniques_natural_language_processing,techniques_neural_networks_deep_learning,techniques_processing_of_image_data,techniques_processing_of_audio_data,topics_development_of_theories_of_change,topics_development_of_indicators,topics_research_design,topics_survey_design,topics_data_protection,topics_data_security,topics_working_agile,topics_project_management,project_role,motivation_skills,motivation_why_involved,consent_privacy_policy
1,Team member,415,NA,NA,NA,NA,EXA-00-0000,Example Project,User,Advanced,Advanced,User,Advanced,User,Advanced,Beginner,Beginner,Expert,User,Beginner,Expert,Beginner,Expert,Advanced,Advanced,Beginner,Expert,Expert,Beginner,Expert,Expert,Advanced,User,Beginner,Beginner,Expert,Team lead,Light company off clear mind contain himself once. Character conference Democrat name whatever responsibility. Adult since education teacher word thing.,"Store what its medical seem standard Democrat. Happy protect total happy among us.
Treatment leg draw gas imagine seem ten price.",NA
2,Team lead,463,NA,NA,NA,NA,EXA-00-0000,Example Project,Advanced,Expert,User,Expert,Beginner,User,User,Beginner,User,Expert,User,User,Beginner,Advanced,Expert,Expert,Advanced,Advanced,Expert,Beginner,User,Advanced,Advanced,Expert,Expert,Expert,User,Expert,Team trainee,"They resource game argue enjoy. Nature before choose.
Although successful mention lay example view. Strong subject record star radio situation. Human lead democratic rate include worker ready.","Perhaps candidate join sort. Tell everything partner win.
Up authority some your bar. Sometimes last other top two last.",NA
3,Team trainee,179,NA,NA,NA,NA,EXA-00-0000,Example Project,User,Beginner,Advanced,Advanced,Advanced,Advanced,User,Expert,Advanced,Advanced,User,User,Advanced,Expert,Advanced,Expert,User,Advanced,Beginner,Beginner,Expert,Beginner,Expert,Advanced,Advanced,Expert,Beginner,Beginner,Team member,"Treat gas career situation ago wind. Campaign get act language present. At view role garden part wish door.
Daughter treat fast region. Country into success hear. Already film no half big.",Until might marriage special federal what share role. Watch community seek least officer go audience. Million back ability treatment speak some board.,NA
4,Team trainee,526,NA,NA,NA,NA,EXA-00-0000,Example Project,Advanced,Advanced,Expert,Expert,Expert,Expert,Beginner,User,Expert,Expert,Beginner,User,Advanced,User,Advanced,Advanced,User,Expert,User,Beginner,User,Advanced,Expert,Expert,Expert,Beginner,Advanced,Beginner,Team member,Player teach on discussion phone day because. Research community price.,"Shake team teacher Mrs. Enjoy grow machine until bed into think. Owner live since result.
Relate surface explain money step eat song. Front computer fill clearly recognize upon recently.",NA
5,Team trainee,195,NA,NA,NA,NA,EXA-00-0000,Example Project,User,User,Beginner,Beginner,User,User,Advanced,Beginner,Expert,Beginner,Beginner,User,User,User,Expert,Advanced,User,Beginner,Expert,User,Advanced,Beginner,Beginner,User,Beginner,Advanced,Expert,User,Team trainee,"Cultural enter whose myself. Each at include herself.
Western she draw peace debate. Modern statement affect maybe two save.","Staff visit boy light. Power any young many.
Line most tell fly official truth. Sister manager test system. Prepare popular customer big beyond arrive job.",NA
6,Team trainee,938,NA,NA,NA,NA,EXA-00-0000,Example Project,User,Beginner,Advanced,Advanced,Expert,Expert,Advanced,Advanced,Beginner,User,User,Beginner,Advanced,Beginner,Expert,Advanced,Beginner,User,Advanced,Expert,Expert,User,Expert,Expert,User,Advanced,User,Beginner,Team trainee,"Everybody big boy police allow. Some seek east firm.
Him great them. Door material society tell. Next art relationship work situation improve challenge. Pressure picture fast rock owner.",Drive name tell argue truth national simple maybe. Wide important difference city. Night success speak quickly ground street away ok.,NA
7,Team trainee,818,NA,NA,NA,NA,EXA-00-0000,Example Project,Beginner,User,Expert,Beginner,Beginner,Expert,Beginner,Advanced,Beginner,Advanced,Advanced,Beginner,Beginner,User,User,Advanced,Advanced,Advanced,Expert,Beginner,Advanced,User,User,Beginner,Beginner,Advanced,Advanced,User,Team member,"Series Republican subject task matter receive effort.
Return minute report treat eat design evidence. Type husband day road. Call push alone everyone art room sport.",Or bad PM represent quality event safe. During enter hospital whom try small boy. Lot manage picture. Industry understand purpose should plan.,NA
8,Team lead,118,NA,NA,NA,NA,EXA-00-0000,Example Project,Beginner,User,User,User,Expert,Beginner,Expert,User,User,Beginner,Beginner,Beginner,Expert,Beginner,Advanced,Advanced,Advanced,User,Beginner,Expert,Expert,Advanced,Expert,Expert,Expert,Expert,Advanced,User,Team trainee,"Nice term media. That form eat itself prove itself. Wide different simply world audience.
Structure nothing clearly outside detail hand. A several soon common any. Name tough central leave.","Produce value rock American charge. Adult within important yard.
Choice part machine government common. Item lead ahead prepare easy. Range amount we and discover account voice.",NA
9,Team trainee,299,NA,NA,NA,NA,EXA-00-0000,Example Project,Advanced,Advanced,Beginner,Expert,Advanced,Advanced,Expert,User,Expert,Expert,Expert,Advanced,Expert,Expert,User,Advanced,Expert,Beginner,User,Expert,Beginner,Advanced,Advanced,Beginner,Beginner,Beginner,User,Expert,Team trainee,"Government specific voice almost.
Situation Republican dog voice step south seek. Skin name spend dog well. Head music one piece enough Republican.","Sense movement quickly trial. Because land admit property cold material lot. Couple push such maintain half along within.
Already religious military inside. Read structure five church fall.",NA
10,Team trainee,229,NA,NA,NA,NA,EXA-00-0000,Example Project,Beginner,Expert,Expert,User,Expert,User,User,Expert,Advanced,Advanced,Advanced,User,Beginner,Expert,User,User,Advanced,User,Beginner,Expert,Beginner,Advanced,User,User,Expert,Expert,User,User,Team lead,"Executive item find describe suffer establish difficult.
Choose town respond. Night budget still agree cultural exist.
Upon require almost apply ability too month. Reduce traditional some nor six.",Can its choose scientist baby pattern perhaps. South tax research song because amount. Agent perhaps continue feeling two never.,NA
11,Team lead,244,NA,NA,NA,NA,EXA-00-0000,Example Project,Beginner,Expert,User,Expert,Advanced,Expert,User,Beginner,Beginner,Expert,User,User,Advanced,Beginner,User,User,Advanced,Beginner,Advanced,Expert,Beginner,Advanced,Advanced,Expert,Beginner,User,Expert,Beginner,Team trainee,Line same subject drive box store civil. Media whether reason base. Return yet animal real huge fear agent decade. Response sing president trouble set it I song.,"Black world participant third in.
Bag class civil determine responsibility.
Friend yeah road kind rest. Protect new say simply teacher how.",NA
12,Team lead,14,NA,NA,NA,NA,EXA-00-0000,Example Project,User,User,User,Beginner,Advanced,Advanced,Expert,User,Beginner,User,User,Expert,Expert,User,Beginner,Beginner,Beginner,Beginner,Expert,Beginner,Expert,Advanced,User,Advanced,Advanced,User,Advanced,Advanced,Team trainee,"Major less large key individual occur know. Thought own address wide none idea. Writer people too a early down.
Race choice state ever perhaps stock choose. Break begin white able quickly.","Well southern toward action door gun. War chance professional population general economic personal.
Per war least peace chair. Newspaper coach our year yet. Degree maybe nearly.",NA
13,Non-binary,374,NA,NA,NA,NA,EXA-00-0000,Example Project,User,Beginner,User,Beginner,Beginner,User,Beginner,Expert,Beginner,Beginner,User,Beginner,Expert,Expert,Beginner,Beginner,Advanced,Beginner,Advanced,Beginner,Advanced,Advanced,User,User,Expert,User,User,Beginner,Team lead,"Agency candidate news expect this simply. Center believe wish quality beyond.
Answer risk team provide star consumer.","Along on interview try. Name from law thank.
Within sound team price need ahead require. Red east across feeling.",NA
14,I do not want to disclose my gender,665,NA,NA,NA,NA,EXA-00-0000,Example Project,Expert,Beginner,Advanced,Beginner,Beginner,Expert,Beginner,Beginner,Beginner,User,User,Expert,User,Expert,Beginner,Beginner,Beginner,User,User,Expert,Expert,Advanced,Beginner,User,Expert,Advanced,Expert,Beginner,Team member,"Interview race travel security. Ready one young share human.
Rate design pressure. Student such election here. Stay five scene while site.","Director rich want get. From animal find game better. Lose system be think include property.
Recently father their system over. Talk debate who.",NA
15,Team trainee,602,NA,NA,NA,NA,EXA-00-0000,Example Project,Expert,Advanced,User,Advanced,Beginner,Expert,Advanced,Advanced,Expert,User,Beginner,Advanced,Expert,Advanced,Advanced,Expert,Expert,Advanced,Expert,Expert,User,Expert,Advanced,Advanced,User,Advanced,Beginner,Expert,Team lead,Physical same about government quickly whom under. Bill between each everyone machine professor.,"Left thus half about.
Much probably know soldier. Decide worker dog animal even.
Give happy allow. Chance tree subject.",NA
16,Genderqueer,603,NA,NA,NA,NA,EXA-00-0000,Example Project,Beginner,Expert,Advanced,Expert,Beginner,User,Expert,Expert,Advanced,Beginner,User,Beginner,User,User,Advanced,Beginner,Advanced,User,Advanced,Expert,Beginner,Beginner,User,Advanced,Advanced,User,User,Beginner,Team trainee,"Arrive guy toward ask wait. Worry choice enter.
Better enough discover artist cup. Behind international security night your. From site shake expert goal relationship.",Recognize war game if reveal dinner hospital. Find certainly authority rich really likely himself. Skin increase policy so war speak language turn.,NA
17,Team member,768,NA,NA,NA,NA,EXA-00-0000,Example Project,Expert,Expert,User,Advanced,Advanced,User,User,Advanced,User,Beginner,Advanced,User,User,Expert,Expert,Advanced,Expert,User,Advanced,Expert,Advanced,Advanced,Advanced,User,User,Expert,User,User,Team member,"Rise fire amount vote difference. Recently focus test future natural while.
See individual one room. Firm rate however exist. Say find beyond machine. Result detail someone bank main maintain the.","Along data area reflect skill avoid experience. Conference bring red important. Soon worker after long drug.
Back up teacher behind. Media ever affect action ask hand. Value city enter else.",NA
18,Team trainee,709,NA,NA,NA,NA,EXA-00-0000,Example Project,User,Expert,User,User,User,User,Expert,Advanced,Expert,Expert,Expert,User,Expert,User,Advanced,Beginner,Advanced,Advanced,Beginner,User,Advanced,Advanced,User,User,Expert,User,Beginner,Beginner,Team trainee,"Tell sport hard something special. Remain ready child those return month. First dog them.
Trip reality order interview evening hour more.","Hundred politics best election PM town. Give civil south open. Dinner admit leader notice need early game modern.
Rule ever purpose deal minute government. Night young play sport.",NA
19,Team member,91,NA,NA,NA,NA,EXA-00-0000,Example Project,Advanced,Beginner,Advanced,User,Expert,Beginner,Expert,Beginner,User,Beginner,Advanced,User,User,Advanced,Beginner,Advanced,Beginner,User,Expert,User,Advanced,Expert,Advanced,Expert,User,Advanced,Advanced,Expert,Team lead,Wide remember together population state start. Scientist require against on want. Reality cut take treat decide. Add education suffer born man must example.,"Sign take really agreement. Citizen process begin expect whole.
Situation media certain success. Night choose across real gun risk house.",NA
20,Team trainee,953,NA,NA,NA,NA,EXA-00-0000,Example Project,Beginner,Beginner,Expert,Advanced,Expert,Expert,Expert,User,Advanced,Advanced,User,User,User,User,User,Beginner,User,Advanced,User,User,User,Beginner,Advanced,Advanced,Beginner,Beginner,Expert,Advanced,Team lead,"Society friend around site. Concern political adult future probably according must.
Happy really style democratic force treatment. Like strategy a forget. Simply leader performance green color.",Career contain cold fear. Paper marriage loss five door. Think despite fish job professional environmental lose.,NA
21,Team trainee,348,NA,NA,NA,NA,EXA-00-0000,Example Project,Beginner,Beginner,Expert,User,User,Advanced,User,Expert,Beginner,Advanced,Beginner,User,Beginner,User,Beginner,Expert,Beginner,Expert,Advanced,Advanced,User,User,Beginner,Advanced,User,Beginner,Beginner,User,Team lead,"History send food lawyer experience structure. Where set bar friend really operation.
Bag cause along later record over. Citizen continue whom.
Hold charge raise good.
Loss task throughout.","Building soon ten particular some painting. Respond add often rather page knowledge.
Drug executive expect anyone especially. Simple develop end challenge like too several.",NA
22,Team lead,649,NA,NA,NA,NA,EXA-00-0000,Example Project,Expert,Beginner,Advanced,User,Beginner,User,User,Advanced,User,Expert,Advanced,Beginner,Advanced,User,User,Advanced,Beginner,Beginner,Expert,User,Expert,Beginner,Advanced,Beginner,User,Advanced,Beginner,Beginner,Team lead,"Realize certain month cultural budget or. After than generation good under.
Letter be leave foreign federal alone. Reduce would focus history above. Near most threat improve product meeting.",Natural enjoy people career about seem. Development skin bar second nor put itself. Our senior cell state data figure interview.,NA
23,Team lead,989,NA,NA,NA,NA,EXA-00-0000,Example Project,User,Advanced,User,Advanced,User,User,Beginner,Expert,Beginner,Advanced,Beginner,Advanced,Advanced,Beginner,User,Expert,Expert,User,Advanced,Beginner,Expert,Advanced,Beginner,Advanced,Beginner,Expert,User,Beginner,Team member,"Benefit bank away get at.
Range word late card whatever stock free. Alone reveal sign feel hear office cover. Phone senior natural goal.
Fire win attention pretty. Learn team station impact.","Form yes detail data. Maintain movie state.
Allow fish age particularly follow industry. Few newspaper recently production might. Travel out citizen always gun wear prevent share.",NA
24,Team member,355,NA,NA,NA,NA,EXA-00-0000,Example Project,Advanced,Expert,Advanced,Expert,Advanced,User,Beginner,Advanced,Advanced,Advanced,Expert,Beginner,Beginner,Beginner,User,Beginner,Advanced,Expert,User,Advanced,Advanced,Expert,Beginner,User,Beginner,Advanced,Advanced,Expert,Team trainee,"Investment act everything effort senior appear.
Offer positive guess. Food son management approach.
Lot trade along agreement. Personal population within college.
Air unit usually during.",Trouble bad season. After read country education cell.,NA
25,Team member,840,NA,NA,NA,NA,EXA-00-0000,Example Project,Expert,Advanced,User,User,Expert,User,Expert,User,User,Beginner,Advanced,User,User,User,Expert,User,Expert,User,Advanced,Advanced,Beginner,Advanced,User,User,User,Beginner,Beginner,Expert,Team lead,Significant provide list stuff prepare structure. Drug produce health. True wind including size late ahead trade thing.,Lay relationship themselves. Town subject television air data still control. Stock create tough just cost.,NA
26,Team trainee,26,NA,NA,NA,NA,EXA-00-0000,Example Project,User,Beginner,Advanced,Beginner,Advanced,User,Expert,Expert,Expert,Beginner,User,User,Advanced,Expert,User,User,Expert,User,Advanced,Advanced,User,User,Beginner,Beginner,Expert,User,Beginner,Advanced,Team lead,"Agent his though standard election land. State peace plant.
Smile once after. Same with above paper evening relationship. Pressure work benefit fund blue Mr term force.","Central task piece particular would sign big. Impact leave couple thought far appear.
Population land full force present court responsibility. Allow bit plant camera leg process.",NA
27,Team lead,519,NA,NA,NA,NA,EXA-00-0000,Example Project,User,Advanced,Advanced,Advanced,Beginner,Beginner,User,Beginner,Beginner,Expert,User,User,Beginner,Beginner,Expert,Expert,Expert,Advanced,User,Expert,Advanced,Beginner,User,Advanced,Expert,User,Expert,Expert,Team lead,Relationship north type do from how senior. Plant know thank however goal paper only.,Whether personal American part serious daughter source. Style peace entire treatment sport page. President guess force road us smile cover.,NA
28,Team trainee,426,NA,NA,NA,NA,EXA-00-0000,Example Project,Advanced,Advanced,User,Beginner,Beginner,Expert,Expert,Advanced,Expert,Advanced,Advanced,User,User,Beginner,User,User,Advanced,Expert,Advanced,User,Expert,User,User,Beginner,Advanced,Advanced,Beginner,User,Team lead,"Lead girl word. Police war already trip down million.
Long value outside agreement control trade two. Require level suffer painting everybody. Sound form camera nothing.",Single activity training occur. Throw table difficult military.,NA
29,Team trainee,649,NA,NA,NA,NA,EXA-00-0000,Example Project,Advanced,Beginner,Expert,User,User,Expert,Beginner,Beginner,User,User,Beginner,User,Beginner,Beginner,User,User,Advanced,User,User,Expert,Expert,User,Beginner,Beginner,Expert,User,Advanced,User,Team member,Treatment tonight key begin answer present skin successful. Determine once bill artist field.,Security leave walk question travel thank almost. Or college daughter network conference. Allow call of story since.,NA
30,Team member,766,NA,NA,NA,NA,EXA-00-0000,Example Project,Advanced,Expert,User,Beginner,User,Expert,User,User,Advanced,User,Advanced,User,Beginner,Beginner,Beginner,Advanced,User,Expert,Advanced,Beginner,Expert,Advanced,User,Beginner,Expert,Expert,User,User,Team member,Mrs position system different across. Act large where base half.,"Develop air image small. Watch many away five.
Same season place election red behind pressure.",NA
31,Team trainee,211,NA,NA,NA,NA,EXA-00-0000,Example Project,Advanced,Expert,Beginner,Advanced,Advanced,Beginner,Expert,Beginner,User,Expert,Expert,Expert,Advanced,Beginner,Expert,Expert,Advanced,Advanced,User,Beginner,Expert,User,Beginner,Expert,Advanced,Advanced,Advanced,Expert,Team lead,"Money example treat mention. Lot cut best. Right challenge final individual.
Two break house film long call. Board book church parent purpose.","Shoulder various serve reveal. Outside part pick according enjoy actually theory.
Little situation to send. Serious situation effect it describe alone create. Here game view term may myself.",NA
32,Team member,932,NA,NA,NA,NA,EXA-00-0000,Example Project,Expert,Advanced,Advanced,Advanced,Advanced,Beginner,Expert,User,User,Beginner,Expert,User,Advanced,Beginner,Advanced,User,Advanced,Advanced,Beginner,Beginner,User,User,User,Beginner,Advanced,Beginner,Beginner,User,Team trainee,Majority single that here provide. Speech likely speech free. Treatment movement fast history young technology return.,"Leg wait focus remain trouble age here prove. Off before before. Experience decision goal staff.
System issue see by bit just list. Short chair nor agent. Above particular however appear thus enjoy.",NA
33,Team member,590,NA,NA,NA,NA,EXA-00-0000,Example Project,Beginner,Beginner,Expert,Advanced,Expert,User,Expert,User,Expert,Beginner,User,Beginner,Expert,Beginner,Advanced,Beginner,Expert,Advanced,User,Advanced,Advanced,Beginner,Advanced,User,Beginner,Advanced,User,Expert,Team trainee,"Drug instead job finally great interesting. Morning business front several.
Late something draw. Street personal road soon possible like able. Pressure friend bar stuff smile boy.","Book decade read night rather church ten money. Fight ask miss top available local.
Street raise plant group. Under tough quality baby produce.",NA
34,Team member,593,NA,NA,NA,NA,EXA-00-0000,Example Project,User,Expert,Beginner,Expert,User,Beginner,User,Beginner,User,Beginner,Expert,Beginner,Advanced,Advanced,Beginner,Beginner,Beginner,Expert,Advanced,Advanced,User,Expert,User,Advanced,Expert,Advanced,Beginner,Advanced,Team lead,"Offer morning upon strategy yard production represent. Two itself sort something.
Moment remain author. Control lead start threat seven unit notice.",Understand stay strong common. Air challenge use support assume religious scene. This sea political final build young.,NA
35,Team member,555,NA,NA,NA,NA,EXA-00-0000,Example Project,Expert,Advanced,User,Expert,Beginner,Expert,Advanced,Beginner,Beginner,Advanced,User,Beginner,User,User,Advanced,User,Advanced,User,Expert,User,Expert,Beginner,Expert,Beginner,Advanced,Expert,Beginner,Expert,Team trainee,Bring sound although exactly create against when represent. Around suddenly shoulder yeah heart or. Feeling federal yard.,"City available focus because health mention. Show over entire or.
Clear region meet buy. Citizen read field want response size himself. Mr scientist without.",NA
36,Team lead,871,NA,NA,NA,NA,EXA-00-0000,Example Project,User,Expert,Advanced,Advanced,Advanced,Beginner,Beginner,Beginner,Beginner,Expert,Beginner,Advanced,User,Advanced,Advanced,Advanced,Advanced,Advanced,Advanced,Expert,Beginner,Beginner,User,Advanced,User,Expert,Advanced,Expert,Team member,Green seem seat within. Impact argue you like play tell discussion. Writer computer happen else available. Memory movie form many.,"Western value they fight.
Mother weight me. Cover rise event produce half heart.
Treatment difficult improve room artist south many win. Response success owner say cause. Play career budget south.",NA
37,Team lead,373,NA,NA,NA,NA,EXA-00-0000,Example Project,Advanced,Expert,Expert,Beginner,Advanced,Expert,Advanced,Expert,Beginner,Beginner,Beginner,Beginner,Expert,Expert,User,Expert,Expert,Expert,Advanced,Expert,Beginner,User,Advanced,Beginner,Advanced,User,Advanced,Advanced,Team trainee,"Let individual wide agent.
Success laugh process maintain. Picture reveal network participant.",Happen too guess similar than. Explain run order when force away. Apply choice everything commercial senior. Past trip voice thousand say specific.,NA
38,Team lead,844,NA,NA,NA,NA,EXA-00-0000,Example Project,Advanced,Beginner,Advanced,Expert,User,Beginner,Expert,Advanced,Expert,Advanced,Expert,Advanced,Advanced,Advanced,Expert,Advanced,Beginner,Advanced,Expert,Advanced,User,User,User,User,Advanced,Beginner,Beginner,Advanced,Team lead,"Many opportunity worry against.
We range draw suddenly happy choice. Admit just community hour day now.","Note ahead major magazine. Wrong join network. Stuff out difference difficult television.
Near the someone true around other second.",NA
39,Team lead,143,NA,NA,NA,NA,EXA-00-0000,Example Project,Advanced,User,User,Expert,User,Advanced,Beginner,Expert,Beginner,User,Advanced,User,Advanced,Advanced,Beginner,Beginner,Advanced,Beginner,User,Expert,Advanced,Expert,Beginner,Advanced,Beginner,Expert,Advanced,Expert,Team member,West risk table good. Control exactly like production cover particularly. Certainly game including fire enough.,Movement recent sort glass somebody million. Success she contain reason carry light. Resource rate system main help. Low next his such use son.,NA
40,Team trainee,544,NA,NA,NA,NA,EXA-00-0000,Example Project,User,User,User,Expert,Advanced,Beginner,Beginner,Expert,User,Advanced,Beginner,User,Advanced,Expert,Advanced,Beginner,User,Advanced,Expert,Advanced,Beginner,User,User,User,Advanced,Beginner,Beginner,Expert,Team trainee,Wear another material couple. Art follow help quickly trip begin nation shake. Spend how listen foreign market order.,Scene parent style audience. That light outside surface task of support off. Prevent wonder positive why meet indeed budget compare.,NA
41,Team lead,490,NA,NA,NA,NA,EXA-00-0000,Example Project,User,User,Beginner,Expert,User,Advanced,User,User,Expert,Expert,Beginner,User,Advanced,Beginner,Beginner,Expert,Beginner,Expert,Expert,Expert,Advanced,Expert,User,Expert,Expert,Expert,Advanced,Advanced,Team member,Whatever everything certainly local mission lawyer ahead. Myself skill help lot remain writer recently pull.,"Themselves among a.
Herself must account even rule cultural ask. Us full color for will rest.
Hot apply avoid capital care alone. President white lawyer.
Blood science them.",NA
42,Team lead,621,NA,NA,NA,NA,EXA-00-0000,Example Project,Expert,Advanced,Expert,Beginner,Beginner,Expert,User,Beginner,User,Expert,Expert,Beginner,Beginner,Beginner,User,Expert,User,User,Expert,Expert,Beginner,User,Beginner,User,Expert,Advanced,Beginner,User,Team lead,"Different in how foot bad. Share cup imagine ask long agency store.
Tree spring only itself life movement adult. Moment positive author seem thousand order public. Event side receive.","Floor leader again better candidate. Specific community find tonight.
Future factor base size current again. Resource character visit difficult bed discussion company.",NA
43,Team lead,775,NA,NA,NA,NA,EXA-00-0000,Example Project,Expert,Expert,Beginner,Expert,Beginner,Advanced,Expert,Beginner,User,Expert,Advanced,Beginner,Advanced,User,Advanced,User,Advanced,Advanced,User,Advanced,Advanced,Expert,Expert,Beginner,Beginner,Expert,Expert,Expert,Team member,"Senior meet receive nearly leg seem. Author cup material weight.
Easy remember billion receive. Item hotel receive increase.",Attorney point strong respond ever act. Pass trade write wide build decade more.,NA
44,Team member,905,NA,NA,NA,NA,EXA-00-0000,Example Project,Beginner,Expert,User,Expert,User,User,Beginner,Expert,Expert,Expert,Advanced,User,Expert,Expert,Expert,Expert,Beginner,Advanced,Advanced,Expert,Beginner,Expert,Beginner,User,Advanced,User,Beginner,Beginner,Team member,Music after question wear develop plant employee view. Guy skill red exactly world. Bed stuff recently relationship.,"Six great what item. Party life those guy. Age by machine size.
Road identify fact test. Team size those ask.
Manager thought age happen fight space. Become firm nearly those myself turn century.",NA
45,Team lead,937,NA,NA,NA,NA,EXA-00-0000,Example Project,Expert,Expert,User,Expert,Beginner,Beginner,Expert,Beginner,User,Expert,Expert,User,Expert,Advanced,Advanced,Expert,User,User,Beginner,Expert,User,Expert,User,User,Expert,Beginner,Expert,Beginner,Team member,"Where computer central ability truth recent. Civil evening TV daughter interest. Safe actually form stay often arrive.
Your strategy less once to need late.","Number power TV mother agency. Court which free per for. Sort almost likely all.
Chair factor seven seem project goal study. Available street television rock strong participant black.",NA
46,Team lead,842,NA,NA,NA,NA,EXA-00-0000,Example Project,User,Expert,Beginner,Beginner,Advanced,User,Advanced,Beginner,User,Advanced,User,User,Beginner,User,Beginner,Beginner,User,Expert,User,Expert,Advanced,User,Expert,Beginner,Advanced,Beginner,Advanced,User,Team member,Technology from per office think seat. Bag enough over time blue cup. Or be heavy head.,"Go air large case rich. When economy agree little notice system.
Beat these about plan contain perhaps job. Coach adult past hard federal.
During ten tend. Manage newspaper church occur executive.",NA
47,Team lead,23,NA,NA,NA,NA,EXA-00-0000,Example Project,Expert,User,User,Advanced,Expert,Expert,Expert,Advanced,Expert,Advanced,User,User,Advanced,Beginner,Beginner,Expert,Advanced,Advanced,User,Advanced,Expert,Expert,Expert,User,User,Beginner,Advanced,Beginner,Team trainee,"Few either fire run. Although growth check reach.
Begin fight this top. Respond camera voice degree international without phone history.",Woman because him occur computer only. Out away tonight upon body. Fight require college defense.,NA
48,Team trainee,923,NA,NA,NA,NA,EXA-00-0000,Example Project,User,Expert,Expert,User,Expert,Advanced,Expert,Advanced,Beginner,Expert,User,Beginner,Advanced,Expert,Advanced,Advanced,Advanced,Advanced,User,Beginner,Beginner,Advanced,Beginner,Advanced,User,Expert,User,Beginner,Team lead,"Leave adult like. The member bad seek person get class join. Have have boy then final adult.
Wind might couple provide action tax. Responsibility base along vote assume.","North throughout billion nor. Lay so possible know thank production.
Drive hit reveal industry. Sport eight might letter single. Manager present within then only to size draw.",NA
49,Team trainee,956,NA,NA,NA,NA,EXA-00-0000,Example Project,Expert,User,Advanced,Advanced,Advanced,Advanced,User,Expert,Beginner,Beginner,Advanced,User,Advanced,Advanced,Expert,Expert,Expert,Advanced,Advanced,Beginner,Beginner,User,Advanced,Advanced,Beginner,Beginner,Advanced,Beginner,Team member,Store newspaper method four left out. Expect talk type summer thing whether between. Seven to economy must story deep your draw.,Major back garden agreement report reach hotel. According should down performance owner ten. Off allow beautiful best responsibility character down government.,NA
50,Team lead,309,NA,NA,NA,NA,EXA-00-0000,Example Project,Beginner,User,Advanced,User,Expert,Expert,Beginner,User,Beginner,Expert,User,Expert,Beginner,Advanced,Beginner,User,User,Beginner,Expert,Expert,Advanced,User,User,User,Advanced,User,User,Expert,Team member,Mouth beat fast prove Mr response television. Hospital national study smile into important. Church purpose continue style require figure measure.,"Doctor color theory article admit. He sign maybe meet art citizen particular. Difference from free poor read.
Go item image simple course management. Become marriage child behind.",NA
51,Team member,135,NA,NA,NA,NA,EXA-00-0000,Example Project,Beginner,User,User,Beginner,Expert,Advanced,User,User,Advanced,Advanced,Advanced,Expert,User,User,User,Beginner,Beginner,Advanced,User,Expert,Beginner,Beginner,Advanced,User,Beginner,User,Expert,User,Team trainee,Institution allow quite. Live arrive actually though all mother my. Development enough dinner also less enjoy everybody.,"Sit some run turn usually hour. Speak bag bit situation child. Smile but describe land. Common catch guess show nor.
She result protect fund. Eat travel whose for pretty area current close.",NA
52,Team lead,821,NA,NA,NA,NA,EXA-00-0000,Example Project,Expert,Beginner,Beginner,Advanced,Expert,User,Advanced,User,Advanced,Advanced,User,Expert,Expert,User,Beginner,User,Beginner,User,Expert,Expert,Beginner,Advanced,Expert,User,Beginner,User,User,Beginner,Team lead,"Matter me art necessary. Car soon pattern treat loss. Daughter these although.
Practice change top ready.
East miss capital choice thousand success. Door concern town artist trial not.",Magazine sing here actually talk best information. Teach ready century third either strategy probably.,NA
53,Team member,923,NA,NA,NA,NA,EXA-00-0000,Example Project,Expert,Expert,User,Advanced,Advanced,Beginner,Expert,Beginner,Beginner,User,Advanced,Advanced,User,Expert,Advanced,Beginner,Advanced,Beginner,Expert,Beginner,Advanced,User,User,Advanced,Expert,User,Advanced,User,Team trainee,"Group major well great. Also away win history.
Perform north camera past machine. Message human report win you employee still.",Already though yeah draw. Car rate first write ball. Likely group remain everyone.,NA
54,Team trainee,224,NA,NA,NA,NA,EXA-00-0000,Example Project,User,Beginner,Beginner,Expert,User,User,Expert,User,Advanced,User,Advanced,Expert,Beginner,User,Beginner,Advanced,Beginner,User,Beginner,User,User,User,Beginner,Beginner,Expert,Advanced,Advanced,User,Team trainee,Perform set prevent serve business. Not suddenly inside various. Kind throughout behavior help hot laugh can read.,"Politics computer threat generation. Dark career rate response parent you. Ready whom arm person continue term be better. Process back quality.
Science thousand report reduce what home growth.",NA
55,Team member,166,NA,NA,NA,NA,EXA-00-0000,Example Project,User,Expert,User,Expert,User,Beginner,Beginner,Advanced,Beginner,Advanced,Beginner,Beginner,User,User,User,Beginner,Advanced,Beginner,Beginner,User,User,Advanced,Expert,Expert,Expert,Expert,Expert,Expert,Team member,Forget remember name brother and leg hope. Institution performance improve. General impact true professional worry white visit.,Movement him loss already community baby. Real bank song doctor realize central. Us building sport total simply amount star.,NA
56,Team member,217,NA,NA,NA,NA,EXA-00-0000,Example Project,User,Advanced,Beginner,User,Expert,Advanced,Beginner,Advanced,Advanced,User,Advanced,User,User,User,User,Expert,User,User,Expert,User,Advanced,Advanced,Beginner,Advanced,Advanced,User,User,User,Team lead,"Thank election act yard. Author next follow foot want many feeling. Probably foreign war off his quality.
Once six eight material space try like.
Gun agree claim. Forward most long leg.","Alone glass money race image however happen. Product buy technology human as. Hope box free adult.
Sense trial senior respond value manage create. Compare popular prevent wish not.",NA
57,Team member,290,NA,NA,NA,NA,EXA-00-0000,Example Project,Advanced,User,Advanced,User,Expert,Advanced,Advanced,Beginner,Advanced,Advanced,Advanced,Expert,User,Beginner,Expert,Beginner,User,Expert,User,Advanced,User,Beginner,Advanced,Expert,Expert,Advanced,User,User,Team lead,"Quality us subject would kitchen history. Number dog can phone bill view. Republican similar rich class pretty many eye magazine.
Institution peace possible. Tree war rest everybody benefit be.","Up join state produce president. Trial eat family price energy enough. Opportunity whom concern minute.
Cell all accept head out court line. End Mrs imagine. Speech election state change.",NA
58,Team trainee,989,NA,NA,NA,NA,EXA-00-0000,Example Project,Beginner,User,Expert,User,Beginner,Expert,User,Beginner,Beginner,User,Advanced,Advanced,Beginner,User,User,Advanced,Expert,Advanced,Expert,User,User,Expert,Expert,Beginner,User,Advanced,Expert,User,Team lead,Him card investment current explain by catch. Modern physical education movement data design. Huge debate simple week across campaign.,"Enough three difference reality provide test make seem.
Energy my either interest. Rest industry letter wear later pass after.
Defense teacher above nation laugh. Your whether less white treat.",NA
59,Team trainee,581,NA,NA,NA,NA,EXA-00-0000,Example Project,Advanced,Expert,Advanced,User,Expert,User,Advanced,Advanced,Expert,User,Beginner,Beginner,Beginner,User,User,Advanced,User,Advanced,Beginner,User,Beginner,Beginner,Expert,User,Expert,User,Advanced,User,Team member,Already site miss price ever term send. And skill environment fill herself live. Work current system executive culture admit. Safe idea fish during film piece.,"Call conference seven bring. Set economy where soon seek. Thank body light contain generation ball.
Recent tell all try next land. Drive evidence Mrs property return safe.",NA
60,Team trainee,72,NA,NA,NA,NA,EXA-00-0000,Example Project,Expert,Beginner,Expert,Expert,Expert,User,Beginner,Beginner,User,Beginner,Beginner,Expert,Expert,User,Expert,Beginner,Advanced,Beginner,User,Expert,Beginner,Expert,Expert,Advanced,User,Expert,Advanced,Expert,Team member,"By our little half protect. Month consumer stuff. Fund similar science get.
Expect whom key thank.
Mission at arrive kitchen create machine image go. Really imagine wall.","New side yourself professional wonder. Carry interesting run.
Force everyone live science simple less.",NA
